area_id,area_name,island,source_name,source_url,geometry_status,geometry_note,has_geometry
area_001,statewide,Multiple,,,unresolved,"Statewide is an aggregate/island-level concept, not a single project area polygon.",False
area_002,"East Maui, including Waikamoi",Maui,Hawaiʻi Statewide GIS / DLNR,https://geodata.hawaii.gov/arcgis/rest/services/Terrestrial/MapServer/1,approximate,Official Waikamoi Preserve and Waikamoi Preserve EMI polygons used; these do not represent all of East Maui.,True
area_003,"Limahuli Valley, Hāʻena",Kauaʻi,Hawaiʻi Statewide GIS / OHA / DLNR SHPD Ahupuaʻa,https://geodata.hawaii.gov/arcgis/rest/services/HistoricCultural/MapServer/1,broader_boundary,Official Hāʻena ahupuaʻa used because a separate authoritative Limahuli Valley polygon was not found.,True
area_004,Papahānaumokuākea region,Northwestern Hawaiian Islands,NOAA Papahānaumokuākea Marine National Monument,https://gis.ngdc.noaa.gov/arcgis/rest/services/nccos/PMNM_DSCS_Predictions/MapServer/0,approximate,Official NOAA Papahānaumokuākea Marine National Monument boundary used for the broader 'region' wording.,True
area_005,Heʻeia ahupuaʻa,Oʻahu,Hawaiʻi Statewide GIS / OHA / DLNR SHPD Ahupuaʻa,https://geodata.hawaii.gov/arcgis/rest/services/HistoricCultural/MapServer/1,exact,Exact official Heʻeia ahupuaʻa boundary; multipart pieces dissolved.,True
area_006,"Puʻu Waʻawaʻa, North Kona",Hawaiʻi Island,Hawaiʻi Statewide GIS / DLNR,https://geodata.hawaii.gov/arcgis/rest/services/Terrestrial/MapServer/1,approximate,Official Puʻu Waʻawaʻa Forest Reserve and Forest Bird Sanctuary used for the broader named locality.,True
area_007,primarily the north shore; comparative Indigenous land-trust examples elsewhere,Kauaʻi,,,unresolved,The wording combines an imprecise shore region with unspecified comparison sites.,False
area_008,Waiʻanae Kai Forest Reserve,Oʻahu,Hawaiʻi Statewide GIS / DLNR,https://geodata.hawaii.gov/arcgis/rest/services/Terrestrial/MapServer/1,exact,Exact official Waiʻanae Kai Forest Reserve boundary.,True
area_009,multiple forest sites,Multiple,,,unresolved,"Multiple forest sites are not named, so no defensible polygon can be selected.",False
area_010,multiple urban sites including Kānewai and Kalauao/Kaʻōnohi,Oʻahu,,,unresolved,The wording combines multiple local sites and does not define a single official project boundary.,False
area_011,Hakalau Forest National Wildlife Refuge,Hawaiʻi Island,Hawaiʻi Statewide GIS / DLNR,https://geodata.hawaii.gov/arcgis/rest/services/Terrestrial/MapServer/1,exact,Official Hakalau Forest National Wildlife Refuge units dissolved into one logical refuge feature.,True
area_012,ʻUlupalakua Ranch / Puʻu Makua,Maui,,,unresolved,No authoritative public ranch/project boundary was found for this combined wording.,False
area_013,"Heʻeia Fishpond, Kāneʻohe Bay",Oʻahu,,,unresolved,The wording combines a fishpond and a much larger bay; no single official polygon represents both.,False
area_014,Kumaipo fire area,Hawaiʻi Island,,,unresolved,A current authoritative public incident/study perimeter was not identified.,False
area_015,"Kaʻūpūlehu Preserve, North Kona",Hawaiʻi Island,Hawaiʻi Statewide GIS / OHA / DLNR SHPD Ahupuaʻa,https://geodata.hawaii.gov/arcgis/rest/services/HistoricCultural/MapServer/1,broader_boundary,Official Kaʻūpūlehu ahupuaʻa used because a public authoritative preserve boundary was not found.,True
area_016,"Kanakaleonui Bird Corridor, Mauna Kea region",Hawaiʻi Island,,,unresolved,No authoritative public bird-corridor polygon was identified.,False
area_017,main Hawaiian Islands and Northwestern Hawaiian Islands,Multiple,,,unresolved,"This is a cross-archipelago aggregate already represented at island level, not one area polygon.",False
area_018,linked to the Hawaiʻi-based longline fishery,Pelagic North Pacific,,,unresolved,A fishery linkage is not a bounded project geography.,False
area_019,five loko iʻa sites in the Hilo/Keaukaha area,Hawaiʻi Island,,,unresolved,The five sites are not named in the normalized area field.,False
area_020,Kāneʻohe Bay (Moku o Loʻe),Oʻahu,Hawaiʻi DLNR Division of Aquatic Resources,https://geodata.hawaii.gov/arcgis/rest/services/CoastalMarine/MapServer/39,approximate,Official Moku o Loʻe marine laboratory refuge used; it is within Kāneʻohe Bay but does not cover the entire bay.,True
area_021,Koʻolau watershed and Pearl Harbor aquifer,Oʻahu,,,unresolved,The wording combines different watershed and aquifer geographies; no single boundary is defensible.,False
area_022,Koʻolau and Waiʻanae watersheds / Pearl Harbor aquifer,Oʻahu,,,unresolved,The wording combines several watershed and aquifer units; no single boundary is defensible.,False
area_023,11 MLCDs plus the Moku o Loʻe marine refuge,Multiple,Hawaiʻi DLNR Division of Aquatic Resources,https://geodata.hawaii.gov/arcgis/rest/services/CoastalMarine/MapServer/39,exact,All official DLNR Marine Life Conservation District polygons plus the Moku o Loʻe refuge dissolved into one multipart feature.,True
area_024,Hālawa Valley,Molokaʻi,Hawaiʻi Statewide GIS / OHA / DLNR SHPD Ahupuaʻa,https://geodata.hawaii.gov/arcgis/rest/services/HistoricCultural/MapServer/1,broader_boundary,Official Hālawa ahupuaʻa used as the defensible boundary for the named valley.,True
area_025,"Pōhakuloa, Hawaiʻi Volcanoes National Park, and Puʻu Makaʻala",Hawaiʻi Island,Hawaiʻi Statewide GIS / DLNR,https://geodata.hawaii.gov/arcgis/rest/services/Terrestrial/MapServer/1,exact,"Named official Pōhakuloa, Hawaiʻi Volcanoes National Park, and Puʻu Makaʻala units dissolved as one multipart project geography.",True
area_026,Mahanaloa Gulch,Kauaʻi,,,unresolved,No authoritative public polygon for the named gulch was identified.,False
area_027,Kohala watershed and Pelekane Bay,Hawaiʻi Island,,,unresolved,The wording combines an upland watershed and coastal bay without a defined project footprint.,False
area_028,Keālia Pond National Wildlife Refuge,Maui,Hawaiʻi Statewide GIS / DLNR,https://geodata.hawaii.gov/arcgis/rest/services/Terrestrial/MapServer/1,exact,Exact official Keālia Pond National Wildlife Refuge boundary.,True
area_029,Kaʻūpūlehu dryland forest,Hawaiʻi Island,Hawaiʻi Statewide GIS / OHA / DLNR SHPD Ahupuaʻa,https://geodata.hawaii.gov/arcgis/rest/services/HistoricCultural/MapServer/1,broader_boundary,Official Kaʻūpūlehu ahupuaʻa used because the dryland-forest study footprint is not an official polygon.,True
area_030,all major islands,Hawaiian archipelago,,,unresolved,"This is an island-level aggregate, not a distinct area polygon.",False
area_031,ʻUlupalakua Ranch,Maui,,,unresolved,No authoritative public ranch boundary was identified.,False
area_032,"Hawaiʻi, Palau, and Pacific Northwest/Alaska examples",Multiple,,,unresolved,The wording combines widely separated illustrative examples and is not one project geography.,False
area_033,Hawaiʻi Volcanoes National Park,Hawaiʻi Island,Hawaiʻi Statewide GIS / DLNR,https://geodata.hawaii.gov/arcgis/rest/services/Terrestrial/MapServer/1,exact,Official national-park component polygons dissolved into one park feature.,True
area_034,Waiʻoli Valley,Kauaʻi,Hawaiʻi Statewide GIS / OHA / DLNR SHPD Ahupuaʻa,https://geodata.hawaii.gov/arcgis/rest/services/HistoricCultural/MapServer/1,broader_boundary,Official Waiʻoli ahupuaʻa used as the defensible boundary for the named valley.,True
area_035,Kona,Hawaiʻi Island,Hawaiʻi Statewide GIS / DLNR SHPD Moku,https://geodata.hawaii.gov/arcgis/rest/services/HistoricCultural/MapServer/3,broader_boundary,Official Kona moku on Hawaiʻi Island used; the source wording does not distinguish North from South Kona.,True
area_036,Lāʻie / BYU–Hawaiʻi campus case,Oʻahu,Hawaiʻi Statewide GIS / OHA / DLNR SHPD Ahupuaʻa,https://geodata.hawaii.gov/arcgis/rest/services/HistoricCultural/MapServer/1,broader_boundary,Official Lāʻiewai and Lāʻiemaloʻo ahupuaʻa dissolved as a broader Lāʻie unit; the campus footprint is smaller.,True
area_037,three dryland plant communities,Hawaiʻi Island,,,unresolved,The communities are not named as official spatial units.,False
area_038,Kaʻāmola ahupuaʻa,Molokaʻi,Hawaiʻi Statewide GIS / OHA / DLNR SHPD Ahupuaʻa,https://geodata.hawaii.gov/arcgis/rest/services/HistoricCultural/MapServer/1,exact,Exact official Kaʻamola ahupuaʻa boundary.,True
area_039,13 exclosures across a rainfall gradient,Hawaiʻi Island,,,unresolved,Individual exclosure locations and boundaries are not provided.,False
